<?xml version="1.0" encoding="UTF-8" standalone="yes"?>
<addon id="plugin.video.filme" name="Filme" version="3.5.21" provider-name="Dagli">
 <requires>
    <import addon="script.module.requests"/>
    <import addon="script.module.urlresolver"/>
    <import addon="script.module.six" version="1.11.0"/>
    <import addon="repository.dagli" optional="true"/>
    <import addon="script.module.inputstreamhelper" version="0.3.3" optional="true"/>
 </requires>
 <extension point="xbmc.python.pluginsource" library="default.py">
   <provides>video</provides>
 </extension>
     <extension point="xbmc.service" library="service.py" start="startup" />
 <extension point="xbmc.addon.metadata">
   <summary lang="de">Schau dir aktuelle Filme und Serien an!</summary>
   <description lang="de">Mit diesem Addon kannst du auf alle angebotenen Streams verschiedenster deutschen Quellen zugreifen</description>
   <disclaimer lang="de">Die von diesem Addon dargestellten Inhalte werden von den Erstellern des Addons weder gehostet oder verbreitet, noch stehen die Ersteller in irgendeiner Beziehung zu den Content-Anbietern.</disclaimer>
   <source>https://github.com/TheDagli/PlayStation-4/tree/PS4/plugin.video.filme</source>
   <license>GNU General Public License v3.0</license>
   <platform>all</platform>
   <assets>
     <icon>icon.png</icon>
     <fanart>fanart.jpg</fanart>
   </assets>
 </extension>
</addon>
