<?xml version="1.0" encoding="UTF-8" standalone="yes"?>
<addon id="plugin.program.spiele" name="PlayStation Store" version="3.0.2">
  <requires>
    <import addon="xbmc.python" version="3.0.0"/>
    <import addon="script.module.dateutil"/>
    <import addon="script.module.requests"/>
    <import addon="script.module.routing"/>
    <import addon="script.module.archive_tool" version="2.0.2"/>
    <import addon="plugin.video.youtube" version="6.8.7"/>
  </requires>
  <extension point="xbmc.python.pluginsource" library="addon.py">
    <provides>game</provides>
  </extension>
  <extension point="xbmc.addon.metadata">
    <platform>all</platform>
    <summary lang="de_DE">PlayStation Store</summary>
    <description lang="de_DE">PSOne Spiele</description>
    <license>CC BY-SA 4.0, GNU GENERAL PUBLIC LICENSE Version 2.0</license>
    <source>https://github.com/TheDagli/PlayStation-4/tree/PS4/plugin.program.spiele</source>
    <assets>
      <icon>icon.png</icon>
      <fanart>fanart.jpg</fanart>
    </assets>
  </extension>
</addon>