﻿<addon id="resource.PlayStation_UI_Sounds" name="PlayStation 4 - UI Sounds" version="9.0.0"
  <requires>
    <import addon="kodi.resource" version="1.0.0"/>
  </requires>
  <extension point="kodi.resource.uisounds"/>
  <extension point="kodi.addon.metadata">
    <summary lang="de">PlayStation 4 - UI Sounds</summary>
    <description lang="de">UI Sounds for PlayStation 4</description>
    <platform>all</platform>
	<source>https://github.com/TheDagli/PlayStation-4/tree/PS4/resource.PlayStation_UI_Sounds</source>
  </extension>
</addon>