﻿<?xml version="1.0" encoding="UTF-8" standalone="yes"?>
<addon id="resource.PlayStation_UI_Sounds" version="9.0.0" name="PlayStation 4 - UI Sounds" provider-name="Dagli">
  <requires>
    <import addon="kodi.resource" version="1.0.0"/>
  </requires>
  <extension>
	<provides>uisounds</provides>
  </extension>
  <extension point="kodi.resource.uisounds"/>
  <extension point="kodi.addon.metadata">
    <license>GNU General Public License v3.0</license>
    <source>https://github.com/TheDagli/PlayStation-4/tree/PS4/resource.PlayStation_UI_Sounds</source>
    <assets>
      <icon>icon.png</icon>
      <fanart>fanart.jpg</fanart>
    </assets>
  </extension>
</addon>