﻿<addon id="resource.PlayStation_UI_Sounds" version="9.0.0" name="PlayStation 4 - UI Sounds" provider-name="Dagli">
  <requires>
    <import addon="kodi.resource" version="1.0.0"/>
  </requires>
  <extension point="kodi.resource.uisounds"/>
  <extension point="kodi.addon.metadata">
    <summary lang="de">PlayStation 4 - UI Sounds</summary>
    <description lang="de">UI Sounds for PlayStation 4</description>
    <platform>all</platform>
	<license>CC BY-SA 4.0, GNU GENERAL PUBLIC LICENSE Version 2.0</license>
    <source>https://github.com/TheDagli/PlayStation-4/tree/PS4/plugin.program.spiele</source>
	<assets>
      <icon>icon.png</icon>
      <fanart>fanart.jpg</fanart>
    </assets>
  </extension>
</addon>