<categories>
	<category>
		<label>Browse All Lists</label>
		<localization>30059</localization>
		<thumb></thumb>
		<banner></banner>
		<fanart></fanart>
		<logo></logo>
		<trailer>EFhii04Piww</trailer>
		<plot></plot>
	</category>
	<category>
		<label>Browse by Category</label>
		<localization>30060</localization>
		<thumb></thumb>
		<banner></banner>
		<fanart></fanart>
		<logo></logo>
		<trailer>EFhii04Piww</trailer>
		<plot></plot>
	</category>
	<category>
		<label>Favorites</label>
		<localization>30439</localization>
		<thumb></thumb>
		<banner></banner>
		<fanart></fanart>
		<logo></logo>
		<trailer>NUx66ZEDjnQ</trailer>
		<plot></plot>
		<sort>bottom</sort>
	</category>
	<category>
		<label>Search</label>
		<localization>30440</localization>
		<thumb></thumb>
		<banner></banner>
		<fanart></fanart>
		<logo></logo>
		<trailer>vScJLw_a5RM</trailer>
		<plot></plot>
		<sort>bottom</sort>
	</category>
	<category>
		<label>Random Play</label>
		<localization>30441</localization>
		<thumb></thumb>
		<banner></banner>
		<fanart></fanart>
		<logo></logo>
		<trailer>oP_Tk9WD_JI</trailer>
		<plot></plot>
		<sort>bottom</sort>
	</category>
	<category>
		<label>default</label>
		<localization></localization>
		<thumb></thumb>
		<banner></banner>
		<fanart></fanart>
		<logo></logo>
		<plot></plot>
		<trailer>EFhii04Piww</trailer>
	</category>
</categories>