<categories>
	<category>
		<label>Liste durchsuchen</label>
		<localization>30059</localization>
		<plot>Durchsuchen Sie die komplette Spieleliste</plot>
	</category>
	<category>
		<label>Nach Kategorie durchsuchen</label>
		<localization>30060</localization>
		<plot>Browse game listings by Category</plot>
	</category>
	<category>
		<label>Favoriten</label>
		<localization>30439</localization>
		<plot>Favorites listings</plot>
		<sort>bottom</sort>
	</category>
	<category>
		<label>Suche</label>
		<localization>30440</localization>
		<plot>Liste durchsuchen</plot>
		<sort>bottom</sort>
	</category>
	<category>
		<label>Zufälliges Spiel</label>
		<localization>30441</localization>
		<plot>Spiele ein zufälliges Spiel</plot>
		<sort>bottom</sort>
	</category>
	<category>
		<label>default</label>
		<localization></localization>
		<thumb>fYMsybe.jpg</thumb>
		<banner>pc540fV.jpg</banner>
		<fanart>G5PYNPY.jpg</fanart>
		<logo>c3MyKNx.png</logo>
		<plot></plot>
		<trailer>EFhii04Piww</trailer>
	</category>
</categories>