<categories>
	<category>
		<label>Browse All Lists</label>
		<localization>30059</localization>
		<thumb>21h8hfm.jpg</thumb>
		<banner>lmDtEph.jpg</banner>
		<fanart>G5PYNPY.jpg</fanart>
		<logo>gi5qfGn.png</logo>
		<trailer>EFhii04Piww</trailer>
		<plot></plot>
	</category>
	<category>
		<label>Browse by Category</label>
		<localization>30060</localization>
		<thumb>FsLksDv.jpg</thumb>
		<banner>Is57fBA.jpg</banner>
		<fanart>G5PYNPY.jpg</fanart>
		<logo>NAo4hYj.png</logo>
		<trailer>EFhii04Piww</trailer>
		<plot></plot>
	</category>
	<category>
		<label>Favorites</label>
		<localization>30439</localization>
		<thumb>7ZCxVj4.jpg</thumb>
		<banner>cMi8AWY.jpg</banner>
		<fanart>G5PYNPY.jpg</fanart>
		<logo>CSH9UpX.png</logo>
		<trailer>NUx66ZEDjnQ</trailer>
		<plot></plot>
		<sort>bottom</sort>
	</category>
	<category>
		<label>Search</label>
		<localization>30440</localization>
		<thumb>cyDWi3B.jpg</thumb>
		<banner>jOdzRsq.jpg</banner>
		<fanart>G5PYNPY.jpg</fanart>
		<logo>B2CXrhk.png</logo>
		<trailer>vScJLw_a5RM</trailer>
		<plot></plot>
		<sort>bottom</sort>
	</category>
	<category>
		<label>Random Play</label>
		<localization>30441</localization>
		<thumb>IoNbf04.jpg</thumb>
		<banner>CKXRDmR.jpg</banner>
		<fanart>G5PYNPY.jpg</fanart>
		<logo>E3mCXbV.png</logo>
		<trailer>oP_Tk9WD_JI</trailer>
		<plot></plot>
		<sort>bottom</sort>
	</category>
	<category>
		<label>default</label>
		<localization></localization>
		<thumb>fYMsybe.jpg</thumb>
		<banner>pc540fV.jpg</banner>
		<fanart>G5PYNPY.jpg</fanart>
		<logo>c3MyKNx.png</logo>
		<plot></plot>
		<trailer>EFhii04Piww</trailer>
	</category>
</categories>