<categories>
	<category>
		<label>One Big List</label>
		<localization>30061</localization>
		<thumb>ZT476ke.jpg</thumb>
		<banner>Kf6uAVi.jpg</banner>
		<fanart>G5PYNPY.jpg</fanart>
		<logo>fXwVSN6.png</logo>
		<trailer>EFhii04Piww</trailer>
		<plot>List all Games</plot>
	</category>
	<category>
		<label>Alphabetical</label>
		<localization>30062</localization>
		<thumb>hBTkkbb.jpg</thumb>
		<banner>Wh5sej5.jpg</banner>
		<fanart>G5PYNPY.jpg</fanart>
		<logo>rwczZwE.png</logo>
		<trailer>EFhii04Piww</trailer>
		<plot>Games listed by first letter in the title</plot>
	</category>
	<category>
		<label>Group by Genres</label>
		<localization>30063</localization>
		<thumb>dL13gg6.jpg</thumb>
		<banner>LnX0GVk.jpg</banner>
		<fanart>G5PYNPY.jpg</fanart>
		<logo>455nVkc.png</logo>
		<trailer>EFhii04Piww</trailer>
		<plot>Games listed by genre</plot>
	</category>
	<category>
		<label>Group by Years</label>
		<localization>30064</localization>
		<thumb>Ip0bAWe.jpg</thumb>
		<banner>eDjzb88.jpg</banner>
		<fanart>G5PYNPY.jpg</fanart>
		<logo>IMCevpi.png</logo>
		<trailer>EFhii04Piww</trailer>
		<plot>Games listed by year</plot>
	</category>
	<category>
		<label>Group by Players</label>
		<localization>30065</localization>
		<thumb>weZqC8Q.jpg</thumb>
		<banner>KF3SEwm.jpg</banner>
		<fanart>G5PYNPY.jpg</fanart>
		<logo>LoK1XhT.png</logo>
		<trailer>EFhii04Piww</trailer>
		<plot>Games listed by number of players</plot>
	</category>
	<category>
		<label>Group by Studio</label>
		<localization>30066</localization>
		<thumb>PoQYeoL.jpg</thumb>
		<banner>6gv3rmV.jpg</banner>
		<fanart>G5PYNPY.jpg</fanart>
		<logo>qBjr6ip.png</logo>
		<trailer>EFhii04Piww</trailer>
		<plot>Games listed by production studio</plot>
	</category>
	<category>
		<label>Group by Tag</label>
		<localization>30426</localization>
		<thumb>sGRorAi.jpg</thumb>
		<banner>VZ6a1iF.jpg</banner>
		<fanart>G5PYNPY.jpg</fanart>
		<logo>GASZPAS.png</logo>
		<trailer>EFhii04Piww</trailer>
		<plot>Games listed by tag in the games title</plot>
	</category>
	<category>
		<label>Group by Custom Groups</label>
		<localization>30427</localization>
		<thumb>yzczo2u.jpg</thumb>
		<banner>JcOf9ym.jpg</banner>
		<fanart>G5PYNPY.jpg</fanart>
		<logo>Z4Ptsmv.png</logo>
		<trailer>EFhii04Piww</trailer>
		<plot>Games listed by custom groups</plot>
	</category>
<!-- 	<category>
		<label>default</label>
		<thumb>fYMsybe.jpg</thumb>
		<banner>pc540fV.jpg</banner>
		<fanart>G5PYNPY.jpg</fanart>
		<logo>c3MyKNx.png</logo>
		<plot></plot>
		<trailer>EFhii04Piww</trailer>
	</category> -->
</categories>