<categories>
	<category>
		<label>Choose Number of Results</label>
		<label2>num_of_results</label2>
		<thumb>27JgDbW.jpg</thumb>
		<banner>guCn9M1.jpg</banner>
		<fanart>G5PYNPY.jpg</fanart>
		<logo>NKZwqi4.png</logo>
		<trailer>EFhii04Piww</trailer>
		<plot>Enter the number of random games to find (default is 1)</plot>
	</category>
	<category>
		<label>Choose Game Lists</label>
		<label2>lists</label2>
		<thumb>esKYPaC.jpg</thumb>
		<banner>Xu5TeYa.jpg</banner>
		<fanart>G5PYNPY.jpg</fanart>
		<logo>jdD2BmX.png</logo>
		<trailer>EFhii04Piww</trailer>
		<plot>Choose which game lists to include in query</plot>
	</category>
	<category>
		<label>Filter Genres</label>
		<label2>genre</label2>
		<thumb>dL13gg6.jpg</thumb>
		<banner>LnX0GVk.jpg</banner>
		<fanart>G5PYNPY.jpg</fanart>
		<logo>455nVkc.png</logo>
		<trailer>EFhii04Piww</trailer>
		<plot>Filter results by genre</plot>
	</category>
	<category>
		<label>Filter Players</label>
		<label2>nplayers</label2>
		<thumb>weZqC8Q.jpg</thumb>
		<banner>KF3SEwm.jpg</banner>
		<fanart>G5PYNPY.jpg</fanart>
		<logo>LoK1XhT.png</logo>
		<trailer>EFhii04Piww</trailer>
		<plot>Filter results by number of players</plot>
	</category>
	<category>
		<label>Filter Years</label>
		<label2>year</label2>
		<thumb>Ip0bAWe.jpg</thumb>
		<banner>eDjzb88.jpg</banner>
		<fanart>G5PYNPY.jpg</fanart>
		<logo>IMCevpi.png</logo>
		<trailer>EFhii04Piww</trailer>
		<plot>Filter results by years</plot>
	</category>
	<category>
		<label>Filter Studios</label>
		<label2>studio</label2>
		<thumb>PoQYeoL.jpg</thumb>
		<banner>6gv3rmV.jpg</banner>
		<fanart>G5PYNPY.jpg</fanart>
		<logo>qBjr6ip.png</logo>
		<trailer>EFhii04Piww</trailer>
		<plot>Filter results by studio</plot>
	</category>
	<category>
		<label>Filter Tags</label>
		<label2>tag</label2>
		<thumb>sGRorAi.jpg</thumb>
		<banner>VZ6a1iF.jpg</banner>
		<fanart>G5PYNPY.jpg</fanart>
		<logo>GASZPAS.png</logo>
		<trailer>EFhii04Piww</trailer>
		<plot>Filter results by game tag</plot>
	</category>
	<category>
		<label>Filter Groups</label>
		<label2>groups</label2>
		<thumb>yzczo2u.jpg</thumb>
		<banner>JcOf9ym.jpg</banner>
		<fanart>G5PYNPY.jpg</fanart>
		<logo>Z4Ptsmv.png</logo>
		<trailer>EFhii04Piww</trailer>
		<plot>Filter results by custom groups</plot>
	</category>
	<category>
		<label>[COLOR FF12A0C7]Execute Random Search[/COLOR]</label>
		<label2>execute</label2>
		<thumb>IoNbf04.jpg</thumb>
		<banner>CKXRDmR.jpg</banner>
		<fanart>G5PYNPY.jpg</fanart>
		<logo>E3mCXbV.png</logo>
		<trailer>oP_Tk9WD_JI</trailer>
		<plot>Run your random search[CR]</plot>
	</category>
	<category>
		<label>[COLOR FF12A0C7]Create Random Search Link[/COLOR]</label>
		<label2>execute_link</label2>
		<thumb>IoNbf04.jpg</thumb>
		<banner>CKXRDmR.jpg</banner>
		<fanart>G5PYNPY.jpg</fanart>
		<logo>E3mCXbV.png</logo>
		<trailer>oP_Tk9WD_JI</trailer>
		<plot>Generate a linkable random search item[CR]</plot>
	</category>
</categories>