<categories>
	<category>
		<label>Titel eingeben</label>
		<label2>title</label2>
		<thumb>T49IGlH.jpg</thumb>
		<banner>f11tQF4.jpg</banner>
		<fanart>G5PYNPY.jpg</fanart>
		<logo>6ZXIJra.png</logo>
		<trailer>EFhii04Piww</trailer>
		<plot>Enter search term for game title</plot>
	</category>
	<category>
		<label>Wählen Sie eine Liste</label>
		<label2>lists</label2>
		<thumb>esKYPaC.jpg</thumb>
		<banner>Xu5TeYa.jpg</banner>
		<fanart>G5PYNPY.jpg</fanart>
		<logo>jdD2BmX.png</logo>
		<trailer>EFhii04Piww</trailer>
		<plot>Choose which game lists to include in query</plot>
	</category>
	<category>
		<label>Genres filtern</label>
		<label2>genre</label2>
		<thumb>dL13gg6.jpg</thumb>
		<banner>LnX0GVk.jpg</banner>
		<fanart>G5PYNPY.jpg</fanart>
		<logo>455nVkc.png</logo>
		<trailer>EFhii04Piww</trailer>
		<plot>Filter results by genre</plot>
	</category>
	<category>
		<label>Spieler filtern</label>
		<label2>nplayers</label2>
		<thumb>weZqC8Q.jpg</thumb>
		<banner>KF3SEwm.jpg</banner>
		<fanart>G5PYNPY.jpg</fanart>
		<logo>LoK1XhT.png</logo>
		<trailer>EFhii04Piww</trailer>
		<plot>Filter results by number of players</plot>
	</category>
	<category>
		<label>Filter Years</label>
		<label2>year</label2>
		<thumb>Ip0bAWe.jpg</thumb>
		<banner>eDjzb88.jpg</banner>
		<fanart>G5PYNPY.jpg</fanart>
		<logo>IMCevpi.png</logo>
		<trailer>EFhii04Piww</trailer>
		<plot>Filter results by years</plot>
	</category>
	<category>
		<label>Filter Studios</label>
		<label2>studio</label2>
		<thumb>PoQYeoL.jpg</thumb>
		<banner>6gv3rmV.jpg</banner>
		<fanart>G5PYNPY.jpg</fanart>
		<logo>qBjr6ip.png</logo>
		<trailer>EFhii04Piww</trailer>
		<plot>Filter results by studio</plot>
	</category>
	<category>
		<label>Filter Tags</label>
		<label2>tag</label2>
		<thumb>sGRorAi.jpg</thumb>
		<banner>VZ6a1iF.jpg</banner>
		<fanart>G5PYNPY.jpg</fanart>
		<logo>GASZPAS.png</logo>
		<trailer>EFhii04Piww</trailer>
		<plot>Filter results by game tag</plot>
	</category>
	<category>
		<label>Gruppen filtern</label>
		<label2>groups</label2>
		<thumb>yzczo2u.jpg</thumb>
		<banner>JcOf9ym.jpg</banner>
		<fanart>G5PYNPY.jpg</fanart>
		<logo>Z4Ptsmv.png</logo>
		<trailer>EFhii04Piww</trailer>
		<plot>Filter results by custom groups</plot>
	</category>
	<category>
		<label>[COLOR FF12A0C7]Execute Search[/COLOR]</label>
		<label2>execute</label2>
		<thumb>cyDWi3B.jpg</thumb>
		<banner>jOdzRsq.jpg</banner>
		<fanart>G5PYNPY.jpg</fanart>
		<logo>B2CXrhk.png</logo>
		<trailer>vScJLw_a5RM</trailer>
		<plot>Run your search[CR]</plot>
	</category>
	<category>
		<label>[COLOR FF12A0C7]Create Search Link[/COLOR]</label>
		<label2>execute_link</label2>
		<thumb>cyDWi3B.jpg</thumb>
		<banner>jOdzRsq.jpg</banner>
		<fanart>G5PYNPY.jpg</fanart>
		<logo>B2CXrhk.png</logo>
		<trailer>vScJLw_a5RM</trailer>
		<plot>Generate a linkable search item[CR]</plot>
	</category>
</categories>