﻿<?xml version="1.0" encoding="UTF-8" standalone="yes"?>
<addon id="repository.dagli" name="Dagli Add-ons" version="1.0.0" provider-name="Dagli">
    <extension point="xbmc.addon.repository" name="Dagli Add-ons">
        <info compressed="true">https://github.com/TheDagli/PlayStation-4/raw/PS4/addons.xml</info>
        <checksum>https://raw.githubusercontent.com/TheDagli/PlayStation-4/PS4/addons.xml.md5</checksum>
        <datadir zip="true">https://github.com/TheDagli/PlayStation-4/raw/PS4/repository.dagli/repository.dagli-1.0.0.zip</datadir>
    </extension>
    <extension point="xbmc.addon.metadata">
        <summary>Dagli Add-ons</summary>
        <platform>all</platform>
    </extension>
</addon>