﻿<?xml version="1.0" encoding="UTF-8" standalone="yes"?>
<addon id="repository.dagli" name="Dagli Add-ons" version="1.0.0" provider-name="Dagli">
    <extension point="xbmc.addon.repository" name="Dagli Add-ons">
        <info compressed="true">https://github.com/TheDagli/repository.dagli/raw/master/addons.xml</info>
        <checksum>https://github.com/TheDagli/repository.dagli/raw/master/addons.xml.md5</checksum>
        <datadir zip="true">https://raw.githubusercontent.com/TheDagli/repository.dagli/master/</datadir>
    </extension>
    <extension point="xbmc.addon.metadata">
        <summary>Dagli Add-ons</summary>
        <platform>all</platform>
    </extension>
</addon>