﻿<sounds>
  <actions>
    <action>
      <name>left</name>
      <file>move.wav</file>
    </action>
    <action>
      <name>right</name>
      <file>move.wav</file>
    </action>
    <action>
      <name>up</name>
      <file>move.wav</file>
    </action>
    <action>
      <name>down</name>
      <file>move.wav</file>
    </action>
    <action>
      <name>select</name>
      <file>Select.wav</file>
    </action>
    <action>
      <name>parentdir</name>
      <file>Back.wav</file>
    </action>
    <action>
      <name>previousmenu</name>
      <file>Back.wav</file>
    </action>
    <action>
      <name>screenshot</name>
      <file>Screenshot.wav</file>
    </action>
  </actions>

  <windows>
    <window>
      <name>10107</name>
      <activate>Notification.wav</activate>
      <deactivate></deactivate>
    </window>
	<window>
      <name>startup</name>
      <activate>startmusik.wav</activate>
    </window>
    	    <window>
      <name>10109</name>
      <activate>Dialog.wav</activate>
      <deactivate>DialogClose.wav</deactivate>
    </window>
        	    <window>
      <name>10111</name>
      <activate>Dialog.wav</activate>
      <deactivate>DialogClose.wav</deactivate>
    </window>
            	    <window>
      <name>10100</name>
      <activate>Error.wav</activate>
      <deactivate>DialogClose.wav</deactivate>
    </window>
                	    <window>
      <name>12002</name>
      <activate>Error.wav</activate>
      <deactivate>DialogClose.wav</deactivate>
    </window>
        	    <window>
      <name>10106</name>
      <activate>Dialog.wav</activate>
      <deactivate>Close.wav</deactivate>
    </window>
	    <window>
      <name>virtualkeyboard</name>
      <activate>Dialog.wav</activate>
      <deactivate>Close.wav</deactivate>
    </window>
		<window>
	  <name>7091</name>
	  <activate>shutdown.wav</activate>
	</window>
  </windows>
</sounds>
