<?xml version="1.0" encoding="UTF-8" standalone="yes"?>
<addon id="script.module.archive_tool" name="archive_tool" provider-name="Dagli" version="2.0.2">
  <requires>
    <import addon="xbmc.python" version="3.0.0"/>
    <import addon="vfs.libarchive"/>
    <import addon="vfs.rar" optional="true"/>
  </requires>
  <extension point="xbmc.python.module" library="lib" />
  <extension point="xbmc.addon.metadata">
    <summary lang="en">Python class for working with file archives</summary>
    <description lang="en">archive_tool is a set of common tools to work with the Kodi libarchive virtual file system</description>
    <platform>all</platform>
    <assets>
      <icon>icon.png</icon>
      <fanart>fanart.jpg</fanart>
    </assets>
    <license>GNU GENERAL PUBLIC LICENSE V3</license>
  </extension>
</addon>